{"q_weights1": [[0.5104375289414217, 0.4605871205416258, 0.45715493883013014, 0.47731042651795325], [2.8805324494561435, 2.9731248355694975, 2.963631978266925, 2.9818213270013936], [1.5542197052804336, 1.6127877501266585, 1.556719700929219, 1.5278093386263814]], "q_bias1": [3.992156173655751, 3.98983973700216, 3.9853321660061023, 3.9868858900466866], "q_weights2": [[46.53606036475465, 45.79192221404388], [46.46622822565116, 45.85380106245775], [46.51985995998893, 45.76833798467637], [46.49803232590091, 45.804051703599335]], "q_bias2": [46.48058595397219, 45.8420560448209]}