{"q_weights1": [[0.5104375289414217, 0.4605871205416258, 0.45715493883013014, 0.47731042651795325], [2.8805368949748256, 2.973128758428369, 2.9636358043267474, 2.9818248814007458], [1.5542172725473258, 1.6127859463570398, 1.556717623539119, 1.5278072237381388]], "q_bias1": [3.992160619174433, 3.9898436598610316, 3.9853359920659246, 3.9868894444460388], "q_weights2": [[46.53480471543921, 45.772038914939095], [46.46497259360959, 45.83391775807143], [46.51860432546843, 45.74845468108633], [46.49677669485614, 45.78416839898126]], "q_bias2": [46.47933040922692, 45.82217271403011]}