{"q_weights1": [[0.5313171480450561, 0.4619295575421633, 0.44220884607274147, 0.4800974254837239], [2.8785515893582176, 2.9733899146431813, 2.967376584469006, 2.9902527450000385], [1.5576346514737578, 1.6270335599463643, 1.5539339559768877, 1.5362446650492187]], "q_bias1": [3.9732319962942793, 3.9730249600735603, 3.9936037821078925, 3.99644842588822], "q_weights2": [[41.330077313311016, 41.15347835625012], [41.229552257772454, 41.22520470246359], [41.30191229456876, 41.128899765880654], [41.26769130817646, 41.16449579744567]], "q_bias2": [41.276138201171165, 41.19913235622567]}