{"q_weights1": [[0.5313167537207686, 0.4619292320160259, 0.44220846472633596, 0.4800970778893621], [2.878531836017293, 2.9733735576079954, 2.9673606506277035, 2.9902376074880843], [1.5576340963147919, 1.6270331183664546, 1.5539334444686257, 1.536244189256279]], "q_bias1": [3.9732122429533545, 3.9730086030383744, 3.99358784826659, 3.9964332883762657], "q_weights2": [[41.190744981264665, 41.02933516973746], [41.09021992490206, 41.101061475123196], [41.16257996236828, 41.004756533164965], [41.128358975570215, 41.04035255528972]], "q_bias2": [41.13680586434646, 41.07498893416007]}